id,name,read,pattern,sequence,feature_type
ADT_C0380,Rt.CD90_Ms.CD90.1,R2,5PNNNNNNNNNN(BC),AGTATGGGATGCAAT,Antibody Capture
ADT_C1054,Rt.CD38,R2,5PNNNNNNNNNN(BC),TTCATTCTGTGCCGC,Antibody Capture
ADT_C0191,HuMsRt.CD27,R2,5PNNNNNNNNNN(BC),CAAGGTATGTCACTG,Antibody Capture
ADT_C0229,MsRt.CD62P,R2,5PNNNNNNNNNN(BC),TGTGTGCCGTAGACT,Antibody Capture
ADT_C0568,MsRt.XCR1,R2,5PNNNNNNNNNN(BC),TCCATTACCCACGTT,Antibody Capture
ADT_C0570,MsRt.CD29,R2,5PNNNNNNNNNN(BC),ACGCATTCCTTGTGT,Antibody Capture
ADT_C0910,MsRt.CD61,R2,5PNNNNNNNNNN(BC),TTCTTTACCCGCCTG,Antibody Capture
ADT_C1064,MsRt.CD81,R2,5PNNNNNNNNNN(BC),TTGTCACCAACTTCC,Antibody Capture
ADT_C0014,HuMs.CD11b,R2,5PNNNNNNNNNN(BC),TGAAGGCTCATTTGT,Antibody Capture
ADT_C0073,HuMs.CD44,R2,5PNNNNNNNNNN(BC),TGGCTTCAGGTCCTA,Antibody Capture
ADT_C0103,HuMs.CD45R_B220,R2,5PNNNNNNNNNN(BC),CCTACACCTCATAAT,Antibody Capture
ADT_C0250,HuMs.KLRG1,R2,5PNNNNNNNNNN(BC),GTAGTAGGCTAGACC,Antibody Capture
ADT_C0437,HuMs.CD207,R2,5PNNNNNNNNNN(BC),CGATTTGTATTCCCT,Antibody Capture
ADT_C0895,HuMs.Mac.2,R2,5PNNNNNNNNNN(BC),GATGCAATTAGCCGG,Antibody Capture
ADT_C0001,Ms.CD4,R2,5PNNNNNNNNNN(BC),AACAAGACCCTTGAG,Antibody Capture
ADT_C0002,Ms.CD8a,R2,5PNNNNNNNNNN(BC),TACCCGTAATAGCGT,Antibody Capture
ADT_C0003,Ms.CD366,R2,5PNNNNNNNNNN(BC),ATTGGCACTCAGATG,Antibody Capture
ADT_C0004,Ms.CD279,R2,5PNNNNNNNNNN(BC),GAAAGTCAAAGCACT,Antibody Capture
ADT_C0012,Ms.CD117,R2,5PNNNNNNNNNN(BC),TGCATGTCATCGGTG,Antibody Capture
ADT_C0013,Ms.Ly.6C,R2,5PNNNNNNNNNN(BC),AAGTCGTGAGGCATG,Antibody Capture
ADT_C0015,Ms.Ly.6G,R2,5PNNNNNNNNNN(BC),ACATTGACGCAACTA,Antibody Capture
ADT_C0074,Ms.CD54,R2,5PNNNNNNNNNN(BC),ATAACCGACACAGTG,Antibody Capture
ADT_C0075,Ms.CD90.2,R2,5PNNNNNNNNNN(BC),CCGATCAGCCGTTTA,Antibody Capture
ADT_C0077,Ms.CD73,R2,5PNNNNNNNNNN(BC),ACACTTAACGTCTGG,Antibody Capture
ADT_C0078,Ms.CD49d,R2,5PNNNNNNNNNN(BC),CGCTTGGACGCTTAA,Antibody Capture
ADT_C0079,Ms.CD200,R2,5PNNNNNNNNNN(BC),TCAATTCCGGTAGTC,Antibody Capture
ADT_C0093,Ms.CD19,R2,5PNNNNNNNNNN(BC),ATCAGCCATGTCAGT,Antibody Capture
ADT_C0096,Ms.CD45,R2,5PNNNNNNNNNN(BC),TGGCTATGGAGCAGA,Antibody Capture
ADT_C0097,Ms.CD25,R2,5PNNNNNNNNNN(BC),ACCATGAGACACAGT,Antibody Capture
ADT_C0098,Ms.CD135,R2,5PNNNNNNNNNN(BC),GTAGCAAGATTCAAG,Antibody Capture
ADT_C0105,Ms.CD115,R2,5PNNNNNNNNNN(BC),TTCCGTTGTTGTGAG,Antibody Capture
ADT_C0106,Ms.CD11c,R2,5PNNNNNNNNNN(BC),GTTATGGACGCTTGC,Antibody Capture
ADT_C0107,Ms.CD21_CD35,R2,5PNNNNNNNNNN(BC),GGATAATTTCGATCC,Antibody Capture
ADT_C0108,Ms.CD23,R2,5PNNNNNNNNNN(BC),TCTCTTGGAAGATGA,Antibody Capture
ADT_C0109,Ms.CD16_32,R2,5PNNNNNNNNNN(BC),TTCGATGCTGGAGCA,Antibody Capture
ADT_C0110,Ms.CD43,R2,5PNNNNNNNNNN(BC),TTGGAGGGTTGTGCT,Antibody Capture
ADT_C0111,Ms.CD5,R2,5PNNNNNNNNNN(BC),CAGCTCAGTGTGTTG,Antibody Capture
ADT_C0112,Ms.CD62L,R2,5PNNNNNNNNNN(BC),TGGGCCTAAGTCATC,Antibody Capture
ADT_C0113,Ms.CD93,R2,5PNNNNNNNNNN(BC),GGTATTTCCTGTGGT,Antibody Capture
ADT_C0114,Ms.F4_80,R2,5PNNNNNNNNNN(BC),TTAACTTCAGCCCGT,Antibody Capture
ADT_C0115,Ms.FceRIa,R2,5PNNNNNNNNNN(BC),AGTCACCTCGAAGCT,Antibody Capture
ADT_C0116,Ms.Ly.6G_Ly.6C,R2,5PNNNNNNNNNN(BC),TAGTGTATGGACACG,Antibody Capture
ADT_C0117,Ms.I.A_I.E,R2,5PNNNNNNNNNN(BC),GGTCACCAGTATGAT,Antibody Capture
ADT_C0118,Ms.NK.1.1,R2,5PNNNNNNNNNN(BC),GTAACATTACTCGTC,Antibody Capture
ADT_C0119,Ms.Siglec_H,R2,5PNNNNNNNNNN(BC),CCGCACCTACATTAG,Antibody Capture
ADT_C0120,Ms.TCR.Bchain,R2,5PNNNNNNNNNN(BC),TCCTATGGGACTCAG,Antibody Capture
ADT_C0121,Ms.TCR.RD_GL3,R2,5PNNNNNNNNNN(BC),AACCCAAATAGCTGA,Antibody Capture
ADT_C0122,Ms.TER.119,R2,5PNNNNNNNNNN(BC),GCGCGTTTGTGCTAT,Antibody Capture
ADT_C0130,Ms.Ly.6A_E,R2,5PNNNNNNNNNN(BC),TTCCTTTCCTACGCA,Antibody Capture
ADT_C0157,Ms.CD45.2,R2,5PNNNNNNNNNN(BC),CACCGTCATTCAACC,Antibody Capture
ADT_C0178,Ms.CD45.1,R2,5PNNNNNNNNNN(BC),CCTATGGACTTGGAC,Antibody Capture
ADT_C0182,Ms.CD3,R2,5PNNNNNNNNNN(BC),GTATGTCCGCTCGAT,Antibody Capture
ADT_C0184,Ms.CD335,R2,5PNNNNNNNNNN(BC),CCCTTTCACCTCGAA,Antibody Capture
ADT_C0190,Ms.CD274,R2,5PNNNNNNNNNN(BC),TCGATTCCACCAACT,Antibody Capture
ADT_C0192,Ms.CD20,R2,5PNNNNNNNNNN(BC),TCCACTCCCTGTATA,Antibody Capture
ADT_C0193,Ms.CD357,R2,5PNNNNNNNNNN(BC),GGCACTCTGTAACAT,Antibody Capture
ADT_C0194,Ms.CD137,R2,5PNNNNNNNNNN(BC),TCCCTGTATAGATGA,Antibody Capture
ADT_C0195,Ms.CD134,R2,5PNNNNNNNNNN(BC),CTCACCTACCTATGG,Antibody Capture
ADT_C0197,Ms.CD69,R2,5PNNNNNNNNNN(BC),TTGTATTCCGCCATT,Antibody Capture
ADT_C0198,Ms.CD127,R2,5PNNNNNNNNNN(BC),GTGTGAGGCACTCTT,Antibody Capture
ADT_C0200,Ms.CD86,R2,5PNNNNNNNNNN(BC),CTGGATTTGTGTATC,Antibody Capture
ADT_C0201,Ms.CD103,R2,5PNNNNNNNNNN(BC),TTCATTAGCCCGCTG,Antibody Capture
ADT_C0202,Ms.CD64,R2,5PNNNNNNNNNN(BC),AGCAATTAACGGGAG,Antibody Capture
ADT_C0203,Ms.CD150,R2,5PNNNNNNNNNN(BC),CAACGCCTAGAAACC,Antibody Capture
ADT_C0204,Ms.CD28,R2,5PNNNNNNNNNN(BC),ATTAAGAGCGTGTTG,Antibody Capture
ADT_C0209,Ms.TCR.Vg1.1_Cr4,R2,5PNNNNNNNNNN(BC),TCGTTTAACCAGCCT,Antibody Capture
ADT_C0210,Ms.TCR.Vg3,R2,5PNNNNNNNNNN(BC),TCGTGGTCCCTTTCT,Antibody Capture
ADT_C0211,Ms.TCR.Vg2,R2,5PNNNNNNNNNN(BC),AAGCTGCACCGTAAT,Antibody Capture
ADT_C0212,Ms.CD24,R2,5PNNNNNNNNNN(BC),TATATCTTTGCCGCA,Antibody Capture
ADT_C0225,Ms.CD196,R2,5PNNNNNNNNNN(BC),CTCTCTGCATTCCTC,Antibody Capture
ADT_C0226,Ms.CD106,R2,5PNNNNNNNNNN(BC),CGTTCCTACCTACCT,Antibody Capture
ADT_C0227,Ms.CD122,R2,5PNNNNNNNNNN(BC),GGTATGCGACACTTA,Antibody Capture
ADT_C0228,Ms.CD183,R2,5PNNNNNNNNNN(BC),GTTCACGCCGTGTTA,Antibody Capture
ADT_C0230,Ms.CD8b,R2,5PNNNNNNNNNN(BC),TTCCCTCTATGGAGC,Antibody Capture
ADT_C0231,Ms.H.2Kb,R2,5PNNNNNNNNNN(BC),CGTTTATGGGATGGG,Antibody Capture
ADT_C0232,Ms.MAdCAM.1,R2,5PNNNNNNNNNN(BC),TTGGGCGATTAAGAA,Antibody Capture
ADT_C0235,Ms.TCR.Vb8.1_8.2,R2,5PNNNNNNNNNN(BC),ACTATCCGTTGTGCT,Antibody Capture
ADT_C0354,Ms.TCR.Vb5.1_5.2,R2,5PNNNNNNNNNN(BC),CTCAACAGTATTCTG,Antibody Capture
ADT_C0377,Ms.CD197,R2,5PNNNNNNNNNN(BC),TTATTAACAGCCCAC,Antibody Capture
ADT_C0378,Ms.CD223,R2,5PNNNNNNNNNN(BC),ATTCCGTCCCTAAGG,Antibody Capture
ADT_C0388,Ms.CD152,R2,5PNNNNNNNNNN(BC),AGTGTTTGTCCTGGT,Antibody Capture
ADT_C0416,Ms.CD300LG,R2,5PNNNNNNNNNN(BC),CGGTCCGTATCATTT,Antibody Capture
ADT_C0417,Ms.CD163,R2,5PNNNNNNNNNN(BC),GAGCAAGATTAAGAC,Antibody Capture
ADT_C0421,Ms.CD49b,R2,5PNNNNNNNNNN(BC),CGCGTTAGTAGAGTC,Antibody Capture
ADT_C0422,Ms.CD172a,R2,5PNNNNNNNNNN(BC),GATTCCCTTGTAGCA,Antibody Capture
ADT_C0424,Ms.CD14,R2,5PNNNNNNNNNN(BC),AACCAACAGTCACGT,Antibody Capture
ADT_C0426,Ms.CD192,R2,5PNNNNNNNNNN(BC),AGTGCGATCTGCAAC,Antibody Capture
ADT_C0429,Ms.CD48,R2,5PNNNNNNNNNN(BC),AGAACCGCCGTAGTT,Antibody Capture
ADT_C0431,Ms.CD170,R2,5PNNNNNNNNNN(BC),TCAATCTCCGTCGCT,Antibody Capture
ADT_C0439,Ms.CD201,R2,5PNNNNNNNNNN(BC),TATGATCTGCCCTTG,Antibody Capture
ADT_C0440,Ms.CD169,R2,5PNNNNNNNNNN(BC),ATTGACGACAGTCAT,Antibody Capture
ADT_C0441,Ms.CD71,R2,5PNNNNNNNNNN(BC),ACCGACCAGTAGACA,Antibody Capture
ADT_C0442,Ms.Notch.1,R2,5PNNNNNNNNNN(BC),TCCGGTCACTCAGTA,Antibody Capture
ADT_C0443,Ms.CD41,R2,5PNNNNNNNNNN(BC),ACTTGGATGGACACT,Antibody Capture
ADT_C0448,Ms.CD204,R2,5PNNNNNNNNNN(BC),AGCTAGACACGTTGT,Antibody Capture
ADT_C0449,Ms.CD326,R2,5PNNNNNNNNNN(BC),ACCCGCGTTAGTATG,Antibody Capture
ADT_C0450,Ms.IgM,R2,5PNNNNNNNNNN(BC),AGCTACGCATTCAAT,Antibody Capture
ADT_C0552,Ms.CD304,R2,5PNNNNNNNNNN(BC),CCAGCTCATTCAACG,Antibody Capture
ADT_C0553,Ms.CD309_Avas12,R2,5PNNNNNNNNNN(BC),ATAAGAGCCCACCAT,Antibody Capture
ADT_C0556,Ms.CD370,R2,5PNNNNNNNNNN(BC),AACTCAGTTGTGCCG,Antibody Capture
ADT_C0557,Ms.CD38,R2,5PNNNNNNNNNN(BC),CGTATCCGTCTCCTA,Antibody Capture
ADT_C0558,Ms.CD55,R2,5PNNNNNNNNNN(BC),ATTGTTGTCAGACCA,Antibody Capture
ADT_C0559,Ms.CD63,R2,5PNNNNNNNNNN(BC),ATCCGACACGTATTA,Antibody Capture
ADT_C0560,Ms.CD68,R2,5PNNNNNNNNNN(BC),CTTTCTTTCACGGGA,Antibody Capture
ADT_C0561,Ms.CD79b,R2,5PNNNNNNNNNN(BC),TAACTCAGTGCGAGT,Antibody Capture
ADT_C0562,Ms.CD83,R2,5PNNNNNNNNNN(BC),TCTCAGGCTTCCTAG,Antibody Capture
ADT_C0563,Ms.CX3CR1,R2,5PNNNNNNNNNN(BC),CACTCTCAGTCCTAT,Antibody Capture
ADT_C0565,Ms.MERTK,R2,5PNNNNNNNNNN(BC),AGTAGAGCAACTCGT,Antibody Capture
ADT_C0566,Ms.CD301b,R2,5PNNNNNNNNNN(BC),CTTGCCTTGCGATTT,Antibody Capture
ADT_C0567,Ms.Tim.4,R2,5PNNNNNNNNNN(BC),TGCTGGAGGGTATTC,Antibody Capture
ADT_C0571,Ms.IgD,R2,5PNNNNNNNNNN(BC),TCATATCCGTTGTCC,Antibody Capture
ADT_C0573,Ms.CD140a,R2,5PNNNNNNNNNN(BC),GTCATTGCGGTCCTA,Antibody Capture
ADT_C0589,Ms.Ly.6D,R2,5PNNNNNNNNNN(BC),ATGTCCTACCTCAAA,Antibody Capture
ADT_C0595,Ms.CD11a,R2,5PNNNNNNNNNN(BC),AGAGTCTCCCTTTAG,Antibody Capture
ADT_C0596,Ms.ESAM,R2,5PNNNNNNNNNN(BC),TATAGTTTCCGCCGT,Antibody Capture
ADT_C0807,Ms.CD200R,R2,5PNNNNNNNNNN(BC),ATTCTTTCCCTCTGT,Antibody Capture
ADT_C0808,Ms.CCR3,R2,5PNNNNNNNNNN(BC),TAGAACCGTATCCGT,Antibody Capture
ADT_C0810,Ms.CD138,R2,5PNNNNNNNNNN(BC),GCGTTTGTATGTACT,Antibody Capture
ADT_C0811,Ms.CD317,R2,5PNNNNNNNNNN(BC),TGTGGTAGCCCTTGT,Antibody Capture
ADT_C0812,Ms.CD105,R2,5PNNNNNNNNNN(BC),TATCCCTGCCTTGCA,Antibody Capture
ADT_C0813,Ms.CD9,R2,5PNNNNNNNNNN(BC),TAGCAGTCACTCCTA,Antibody Capture
ADT_C0823,Ms.CD34_SA376A4,R2,5PNNNNNNNNNN(BC),AAACTCAGGTCCTTC,Antibody Capture
ADT_C0824,Ms.P2X7R,R2,5PNNNNNNNNNN(BC),TGCTTCATTCATGTG,Antibody Capture
ADT_C0825,Ms.CD371,R2,5PNNNNNNNNNN(BC),GCGAGAAATCTGCAT,Antibody Capture
ADT_C0827,Ms.CD22,R2,5PNNNNNNNNNN(BC),AGGTCCTCTCTGGAT,Antibody Capture
ADT_C0833,Ms.CD194,R2,5PNNNNNNNNNN(BC),TTCATGTGTTTGTGC,Antibody Capture
ADT_C0834,Ms.CD39,R2,5PNNNNNNNNNN(BC),GCGTATTTAACCCGT,Antibody Capture
ADT_C0835,Ms.CD314,R2,5PNNNNNNNNNN(BC),GAGGCTTATCATTTC,Antibody Capture
ADT_C0836,Ms.DR3,R2,5PNNNNNNNNNN(BC),GCTTGGGCAATTAAG,Antibody Capture
ADT_C0837,Ms.IL.33Ra,R2,5PNNNNNNNNNN(BC),GCGATGGAGCATGTT,Antibody Capture
ADT_C0839,Ms.Ly49H,R2,5PNNNNNNNNNN(BC),CCAGTAGGCTTATTA,Antibody Capture
ADT_C0840,Ms.Ly49G,R2,5PNNNNNNNNNN(BC),CGTATCTGTCATTAG,Antibody Capture
ADT_C0841,Ms.Ly49D,R2,5PNNNNNNNNNN(BC),TATATCCCTCAACGC,Antibody Capture
ADT_C0842,Ms.Ly.49A,R2,5PNNNNNNNNNN(BC),AATTCCGTCAGATGA,Antibody Capture
ADT_C0846,Ms.CD185,R2,5PNNNNNNNNNN(BC),ACGTAGTCACCTAGT,Antibody Capture
ADT_C0847,Ms.CD278,R2,5PNNNNNNNNNN(BC),ACTGCCATATCCCTA,Antibody Capture
ADT_C0848,Ms.TIGIT,R2,5PNNNNNNNNNN(BC),GAAAGTCGCCAACAG,Antibody Capture
ADT_C0849,Ms.CD80,R2,5PNNNNNNNNNN(BC),GACCCGGTGTCATTT,Antibody Capture
ADT_C0850,Ms.CD49a,R2,5PNNNNNNNNNN(BC),CCATTCATTTGTGGC,Antibody Capture
ADT_C0851,Ms.CD1d,R2,5PNNNNNNNNNN(BC),CAACTTGGCCGAATC,Antibody Capture
ADT_C0852,Ms.CD226_10E5,R2,5PNNNNNNNNNN(BC),ACGCAGTATTTCCGA,Antibody Capture
ADT_C0857,Ms.CD34_HM34,R2,5PNNNNNNNNNN(BC),GATTCCTTTACGAGC,Antibody Capture
ADT_C0877,Ms.JAML,R2,5PNNNNNNNNNN(BC),GTTATGGTTCGTGTT,Antibody Capture
ADT_C0879,Ms.IL.21_R,R2,5PNNNNNNNNNN(BC),GATTCCGACAGTAGA,Antibody Capture
ADT_C0881,Ms.CD272,R2,5PNNNNNNNNNN(BC),TGACCCTATTGAGAA,Antibody Capture
ADT_C0884,Ms.DLL1,R2,5PNNNNNNNNNN(BC),AGACCTCCTTACGAT,Antibody Capture
ADT_C0885,Ms.CD270,R2,5PNNNNNNNNNN(BC),GATCCGTGTTGCCTA,Antibody Capture
ADT_C0888,Ms.Notch.4,R2,5PNNNNNNNNNN(BC),GTACTTAACGTCATC,Antibody Capture
ADT_C0892,Ms.CD2,R2,5PNNNNNNNNNN(BC),TTGCCGTGTGTTTAA,Antibody Capture
ADT_C0893,Ms.CD120b,R2,5PNNNNNNNNNN(BC),GAAGCTGTATCCGAA,Antibody Capture
ADT_C0903,Ms.CD40,R2,5PNNNNNNNNNN(BC),ATTTGTATGCTGGAG,Antibody Capture
ADT_C0904,Ms.CD31,R2,5PNNNNNNNNNN(BC),GCTGTAGTATCATGT,Antibody Capture
ADT_C0905,Ms.CD107a,R2,5PNNNNNNNNNN(BC),AAATCTGTGCCGTAC,Antibody Capture
ADT_C0906,Ms.CD96,R2,5PNNNNNNNNNN(BC),CTGGTATGCGATTAA,Antibody Capture
ADT_C0907,Ms.CD198,R2,5PNNNNNNNNNN(BC),ATCTCCGTTGTGCGA,Antibody Capture
ADT_C0909,Ms.CD182,R2,5PNNNNNNNNNN(BC),TTTCCTTGTAGAGCG,Antibody Capture
ADT_C0914,Ms.CD273,R2,5PNNNNNNNNNN(BC),CACTCCTTGTAGTCA,Antibody Capture
ADT_C0915,Ms.VISTA,R2,5PNNNNNNNNNN(BC),ACATTTCCCTTGCCT,Antibody Capture
ADT_C0916,Ms.CD124,R2,5PNNNNNNNNNN(BC),GAACCGTAGTATAAC,Antibody Capture
ADT_C0917,Ms.CD95,R2,5PNNNNNNNNNN(BC),CACATCGTTTGTGTA,Antibody Capture
ADT_C0924,Ms.CD252,R2,5PNNNNNNNNNN(BC),TCTCAGAACAGCCCT,Antibody Capture
ADT_C0926,Ms.CD186,R2,5PNNNNNNNNNN(BC),TGTCAGGTTGTATTC,Antibody Capture
ADT_C0930,Ms.Ly108,R2,5PNNNNNNNNNN(BC),CGATTCTTTGCGAGT,Antibody Capture
ADT_C0949,Ms.CD226_TX42.1,R2,5PNNNNNNNNNN(BC),CGGTATCCGTCAGTT,Antibody Capture
ADT_C0981,Ms.TCR.Va2,R2,5PNNNNNNNNNN(BC),TTGACCCGCTACGAA,Antibody Capture
ADT_C0982,Ms.TCR.Va8.3_B21.14,R2,5PNNNNNNNNNN(BC),TTAGAGTCGCTTGGA,Antibody Capture
ADT_C0983,Ms.TCR.Va8.3_KT50,R2,5PNNNNNNNNNN(BC),CTTTCCCTAGTATGC,Antibody Capture
ADT_C0984,Ms.TCR.Va11.1_11.2,R2,5PNNNNNNNNNN(BC),CTTACCCGGATTCTA,Antibody Capture
ADT_C0986,Ms.TCR.GD_UC7,R2,5PNNNNNNNNNN(BC),ATCAACCGCCCTAAG,Antibody Capture
ADT_C0989,Ms.CD98,R2,5PNNNNNNNNNN(BC),TCCTTCCTTTGTAGC,Antibody Capture
ADT_C1006,Ms.CD160,R2,5PNNNNNNNNNN(BC),GCGTATGTCAGTACC,Antibody Capture
ADT_C1007,Ms.CD85k,R2,5PNNNNNNNNNN(BC),ATGTCAACTCTGGGA,Antibody Capture
ADT_C1008,Ms.CD51,R2,5PNNNNNNNNNN(BC),GGAGTCAGGGTATTA,Antibody Capture
ADT_C1009,Ms.CD94,R2,5PNNNNNNNNNN(BC),CACAGTTGTCCGTGT,Antibody Capture
ADT_C1010,Ms.CD205,R2,5PNNNNNNNNNN(BC),CATATTGGCCGTAGT,Antibody Capture
ADT_C1011,Ms.CD155,R2,5PNNNNNNNNNN(BC),TAGCTTGGGATTAAG,Antibody Capture
ADT_C1012,Ms.CD178,R2,5PNNNNNNNNNN(BC),GTCACGTAGTATCTT,Antibody Capture
ADT_C1028,Ms.CD104,R2,5PNNNNNNNNNN(BC),GTGATCCCTGGTATT,Antibody Capture
ADT_C1032,Ms.CD210,R2,5PNNNNNNNNNN(BC),CACCAACGCTTCAAG,Antibody Capture
ADT_C1034,Ms.Ly_51,R2,5PNNNNNNNNNN(BC),TCCGTTTGTTGTTGT,Antibody Capture
ADT_C1042,Ms.CD88,R2,5PNNNNNNNNNN(BC),GCAGTCCTACATTGA,Antibody Capture
ADT_C1058,Ms.FR4,R2,5PNNNNNNNNNN(BC),TGATCTAAGGTATGC,Antibody Capture
ADT_C1062,Ms.CD30,R2,5PNNNNNNNNNN(BC),ATCATTCCCGCTTAA,Antibody Capture
ADT_C1063,Ms.CD45RB,R2,5PNNNNNNNNNN(BC),TTGTATCTCCCTTGG,Antibody Capture
ADT_C1167,Ms.IgG1_RMG1.1,R2,5PNNNNNNNNNN(BC),AGTACCTGCATGTCA,Antibody Capture
ADT_C1168,Ms.IgG2B,R2,5PNNNNNNNNNN(BC),GCATTGTAGTCACGC,Antibody Capture
ADT_C1132,HuMs.His_tag,R2,5PNNNNNNNNNN(BC),GATATTCCCACCAAA,Antibody Capture
ADT_C0171,HuMsRt.CD278,R2,5PNNNNNNNNNN(BC),CGCGCACCCATTAAA,Antibody Capture
ADT_C0874,HuMsRt.MR1,R2,5PNNNNNNNNNN(BC),GTTGGATGGTAGACT,Antibody Capture
ADT_C0214,HuMs.integrin.b7,R2,5PNNNNNNNNNN(BC),TCCTTGGATGTACCG,Antibody Capture
ADT_C0076,HuMs.CD15_MC480,R2,5PNNNNNNNNNN(BC),GCTAGTTTGTGCTGC,Antibody Capture
ADT_C0912,Hu.GPR56,R2,5PNNNNNNNNNN(BC),GCCTAGTTTCCGTTT,Antibody Capture
HTO_C0301,Ms.Hashtag_1,R2,5PNNNNNNNNNN(BC),ACCCACCAGTAAGAC,Antibody Capture
HTO_C0302,Ms.Hashtag_2,R2,5PNNNNNNNNNN(BC),GGTCGAGAGCATTCA,Antibody Capture
HTO_C0303,Ms.Hashtag_3,R2,5PNNNNNNNNNN(BC),CTTGCCGCATGTCAT,Antibody Capture
HTO_C0304,Ms.Hashtag_4,R2,5PNNNNNNNNNN(BC),AAAGCATTCTTCACG,Antibody Capture
HTO_C0305,Ms.Hashtag_5,R2,5PNNNNNNNNNN(BC),CTTTGTCTTTGTGAG,Antibody Capture
HTO_C0306,Ms.Hashtag_6,R2,5PNNNNNNNNNN(BC),TATGCTGCCACGGTA,Antibody Capture
HTO_C0307,Ms.Hashtag_7,R2,5PNNNNNNNNNN(BC),GAGTCTGCCAGTATC,Antibody Capture
HTO_C0308,Ms.Hashtag_8,R2,5PNNNNNNNNNN(BC),TATAGAACGCCAGGC,Antibody Capture
HTO_C0309,Ms.Hashtag_9,R2,5PNNNNNNNNNN(BC),TGCCTATGAAACAAG,Antibody Capture
HTO_C0310,Ms.Hashtag_10,R2,5PNNNNNNNNNN(BC),CCGATTGTAACAGAC,Antibody Capture
HTO_C0311,Ms.Hashtag_11,R2,5PNNNNNNNNNN(BC),GCTTACCGAATTAAC,Antibody Capture
HTO_C0312,Ms.Hashtag_12,R2,5PNNNNNNNNNN(BC),CTGCAAATATAACGG,Antibody Capture
HTO_C0313,Ms.Hashtag_13,R2,5PNNNNNNNNNN(BC),CTACATTGCGATTTG,Antibody Capture
HTO_C0314,Ms.Hashtag_14,R2,5PNNNNNNNNNN(BC),CTTTCGCCAACTCTG,Antibody Capture
HTO_C0315,Ms.Hashtag_15,R2,5PNNNNNNNNNN(BC),CCCTCTCTGGATTCT,Antibody Capture
HTO_C0316,Mu.Hashtag_16,R2,5PNNNNNNNNNN(BC),GATGTATCCGTTGTC,Antibody Capture
HTO_C0325,Mu.Hashtag_19,R2,5PNNNNNNNNNN(BC),GAATTAGCTGTGCAA,Antibody Capture
HTO_C0326,Mu.Hashtag_20,R2,5PNNNNNNNNNN(BC),CAAGTATCTGCCGTG,Antibody Capture
